expire_date,option_count
2023-11-17,1243
2023-12-29,1225
2023-09-29,1204
2023-12-15,1189
2023-09-15,1085
2023-08-18,996
2023-08-31,966
2023-10-20,959
2023-11-30,938
2024-01-19,846
2024-03-28,772
2023-10-31,771
2024-01-31,706
2024-02-16,641
2023-07-21,609
2024-03-15,565
2024-04-19,565
2023-03-31,541
2023-07-31,486
2023-02-28,484
2023-01-31,466
2023-02-17,463
2023-01-20,451
2023-03-17,440
2023-06-30,427
2024-06-21,400
2024-05-17,372
2023-04-21,371
2024-06-28,360
2023-07-07,332
2023-08-25,313
2023-07-14,311
2023-01-13,309
2023-05-19,308
2023-11-24,305
2023-07-28,303
2023-01-27,301
2023-09-01,300
2023-08-04,287
2023-06-16,281
2023-12-01,280
2024-07-19,277
2023-09-08,272
2024-02-29,270
2023-04-28,268
2023-09-22,265
2023-07-03,256
2023-12-08,251
2023-12-22,246
2023-01-23,245
2023-07-11,235
2023-11-20,234
2023-01-30,231
2023-11-22,229
2023-07-10,228
2024-04-30,226
2023-01-06,223
2023-11-27,222
2023-11-21,220
2023-07-06,219
2023-01-10,218
2023-05-31,217
2023-08-21,216
2023-01-09,215
2023-08-28,213
2023-01-11,212
2023-07-05,212
2023-07-18,211
2023-01-12,210
2023-07-17,208
2023-07-12,207
2023-11-28,207
2023-11-29,207
2023-08-22,206
2023-08-23,205
2023-08-24,205
2023-07-13,203
2023-11-16,202
2023-02-06,198
2023-07-24,197
2023-08-30,197
2023-07-19,196
2023-08-17,196
2023-08-29,196
2023-01-17,192
2023-09-11,191
2023-02-03,189
2023-12-04,187
2023-09-06,182
2023-11-15,182
2023-12-06,181
2023-01-18,180
2023-07-20,180
2023-07-26,180
2023-07-25,179
2023-09-18,179
2023-08-11,178
2023-12-11,177
2023-02-10,174
2024-01-05,169
2023-01-19,167
2023-01-24,167
2023-10-06,167
2023-12-05,166
2023-12-07,165
2023-09-05,162
2023-07-27,160
2023-09-07,158
2023-08-16,156
2023-01-25,155
2023-08-01,155
2023-01-26,151
2024-08-16,139
2024-09-20,137
2024-10-18,136
2024-09-30,133
2023-01-05,128
2023-12-14,127
2023-02-24,124
2023-12-12,119
2023-12-13,117
2023-12-18,108
2023-08-02,107
2023-02-02,105
2023-02-01,99
2023-09-14,82
2023-12-21,82
2023-09-12,81
2023-12-19,81
2023-09-13,79
2023-12-20,78
2023-12-28,70
